{"cameraMode":{"drawMode":0,"name":"Shaded","section":"Shading Mode"},"sceneLighting":true,"audioPlay":false,"sceneViewState":{"m_AlwaysRefresh":true,"showFog":true,"showSkybox":true,"showFlares":true,"showImageEffects":true,"showParticleSystems":true,"showVisualEffectGraphs":true,"m_FxEnabled":true},"in2DMode":false,"pivot":{"x":17.920074462890626,"y":-73.87937927246094,"z":111.2454605102539},"rotation":{"x":0.21504512429237367,"y":-0.09620530903339386,"z":0.021282989531755449,"w":0.971642017364502},"size":94.20634460449219,"orthographic":false}